row ID,row m/z,row retention time,row ion mobility,row ion mobility unit,row CCS,correlation group ID,annotation network number,best ion,auto MS2 verify,identified by n=,partners,neutral M mass,202406251749_PMA_dbgi_003101_01_01.mzML Peak height,
1,244.94680447307698,0.49055618,,,,,,,,,,,253706.88,
2,200.97276717343922,0.5025165,,,,,,,,,,,274413.38,
3,216.9507222844954,0.5025165,,,,,,,,,,,319596.44,
4,218.9837087633292,0.5025165,,,,,,,,,,,403780.78,
5,241.99962904899886,0.5025165,,,,,,,,,,,2082624.4,
6,265.0155564999507,0.5025165,,,,,,,,,,,590468.5,
7,286.95838783338763,0.5025165,,,,,,,,,,,280721.06,
8,239.96662597077167,0.50993335,,,,,,,,,,,280834.06,
9,284.93549452041117,0.52401215,,,,,,,,,,,241280.03,
10,350.88536162254763,0.52401215,,,,,,,,,,,352485.2,
11,236.9049004039921,0.54653716,,,,,,,,,,,998184.9,
12,320.8662895010877,0.54653716,,,,,,,,,,,1553253.5,
13,249.04606590443683,0.5529494,,,,,,,,,,,495034.6,
14,251.06113158993873,0.5529494,,,,,,,,,,,1602169.5,
15,289.016875854927,0.5529494,,,,,,,,,,,792132.75,
16,122.9247174923807,0.56417644,,,,,,,,,,,912543.8,
17,206.88604177664146,0.56417644,,,,,,,,,,,1457977.2,
18,265.0243180484624,0.56417644,,,,,,,,,,,94413.52,
19,290.8472162026159,0.56417644,,,,,,,,,,,2468480.5,
20,292.8453191357507,0.56417644,,,,,,,,,,,733109.75,
21,193.06318329380684,0.57532007,,,,,,,,,,,622892.44,
22,387.13410658682926,0.5864367,,,,,,,,,,,525060.2,
23,194.07103640368922,0.59953654,,,,,,,,,,,2029321.4,
24,221.04208604263678,0.59953654,,,,,,,,,,,8.102454E7,
26,268.9821300021015,0.59953654,,,,,,,,,,,1771110.4,
29,219.02662010677776,0.6105385,,,,,,,,,,,1.7192252E7,
30,220.03000059063373,0.6105385,,,,,,,,,,,1198055.6,
31,249.03613487047642,0.6105385,,,,,,,,,,,936692.0,
32,383.09640463601295,0.6105385,,,,,,,,,,,1764028.0,
33,231.0263063318741,0.62104887,,,,,,,,,,,1057410.9,
34,293.0630989624743,0.62104887,,,,,,,,,,,1151707.5,
35,381.07905572215486,0.62104887,,,,,,,,,,,9812952.0,
36,127.03914192272698,0.63207173,,,,,,,,,,,1428964.2,
37,145.0495727482226,0.63207173,,,,,,,,,,,1494432.5,
38,148.06038151006794,0.63207173,,,,,,,,,,,1830368.0,
39,351.0685147008096,0.63207173,,,,,,,,,,,553646.25,
40,129.05474341545082,0.64314455,,,,,,,,,,,2284045.2,
41,147.0651746488516,0.64314455,,,,,,,,,,,2247646.5,
42,165.07576802912098,0.64314455,,,,,,,,,,,3860151.0,
43,180.08665815683574,0.64314455,,,,,,,,,,,3844647.2,
44,183.08634133456607,0.64314455,,,,,,,,,,,1.5264915E7,
45,193.07075961469906,0.64314455,,,,,,,,,,,1253349.4,
46,198.0972176914766,0.64314455,,,,,,,,,,,1816748.0,
47,210.09718177552725,0.64314455,,,,,,,,,,,948978.1,
48,230.99023104095426,0.64314455,,,,,,,,,,,518702.7,
49,263.01626260139244,0.64314455,,,,,,,,,,,1143791.8,
50,337.08943719530635,0.64314455,,,,,,,,,,,1318820.4,
51,325.1128204001313,0.6652944,,,,,,,,,,,514983.12,
52,360.1498355468154,0.6652944,,,,,,,,,,,2417461.8,
53,203.0526590647998,0.6765714,,,,,,,,,,,1671773.5,
54,205.06828620844658,0.6765714,,,,,,,,,,,8258117.5,
55,365.10533873309276,0.6765714,,,,,,,,,,,660429.8,
56,242.99031930922746,0.6988817,,,,,,,,,,,284632.2,
57,136.0618888389933,0.71047324,,,,,,,,,,,789912.44,
58,215.05256999111873,0.72210646,,,,,,,,,,,332134.84,
59,210.06087652547694,0.74942505,,,,,,,,,,,903521.4,
60,284.1340099159591,0.80674344,,,,,,,,,,,407743.44,
62,332.1339286785202,0.8322974,,,,,,,,,,,268316.1,
63,170.0812771299561,0.8413452,,,,,,,,,,,614965.0,
64,277.03244682963236,0.8503807,,,,,,,,,,,462237.56,
65,277.0682749958661,0.9005783,,,,,,,,,,,263935.9,
66,321.09477901024957,0.95473605,,,,,,,,,,,221121.89,
67,251.06122308307613,1.2812856,,,,,,,,,,,312983.47,
68,198.09733381862205,1.2979251,,,,,,,,,,,305979.06,
69,180.08673082823677,1.3048105,,,,,,,,,,,567092.7,
70,219.02665646008546,1.3048105,,,,,,,,,,,1375642.6,
71,381.0794123017303,1.3363749,,,,,,,,,,,531684.8,
72,121.02868007358094,1.3450623,,,,,,,,,,,345385.72,
73,129.05483257248565,1.3450623,,,,,,,,,,,367282.38,
74,139.03910023007944,1.3450623,,,,,,,,,,,1223298.5,
75,191.03393114115104,1.3450623,,,,,,,,,,,514062.8,
76,209.0445949964969,1.3450623,,,,,,,,,,,5873281.5,
77,227.05505863148767,1.3450623,,,,,,,,,,,2512392.8,
78,245.06569195817696,1.3450623,,,,,,,,,,,3961393.5,
79,262.09221548455196,1.3450623,,,,,,,,,,,7409567.5,
80,267.0478319995412,1.3450623,,,,,,,,,,,1873490.5,
81,283.0215840395964,1.3450623,,,,,,,,,,,7769918.0,
83,291.08402213819903,1.3450623,,,,,,,,,,,547310.9,
85,320.9777780249162,1.3450623,,,,,,,,,,,342587.6,
86,282.1547529201711,1.4031702,,,,,,,,,,,364674.97,
87,303.08409257588625,1.4031702,,,,,,,,,,,732759.75,
88,251.06119295267987,1.4473221,,,,,,,,,,,348330.38,
89,221.04223287972766,1.5025071,,,,,,,,,,,6107610.0,
90,147.06525792670752,1.5082486,,,,,,,,,,,336481.06,
91,223.039629528503,1.5082486,,,,,,,,,,,418503.94,
92,165.07585848493324,1.5156381,,,,,,,,,,,653048.06,
93,360.1500072827779,1.5156381,,,,,,,,,,,384484.94,
94,415.1000768888021,1.5156381,,,,,,,,,,,484959.84,
95,203.05271228586102,1.5362318,,,,,,,,,,,694690.4,
96,205.0683733517488,1.5362318,,,,,,,,,,,2927063.8,
97,127.03920022994699,1.6242938,,,,,,,,,,,441320.7,
98,289.09171687399805,1.6242938,,,,,,,,,,,1279705.5,
99,311.07372285973304,1.6242938,,,,,,,,,,,989451.8,
100,327.0477262750318,1.6242938,,,,,,,,,,,2508121.2,
101,201.11216101990152,1.6662244,,,,,,,,,,,360866.7,
102,209.04444152845332,1.6662244,,,,,,,,,,,352195.7,
103,262.0921115022856,1.6662244,,,,,,,,,,,482509.75,
104,385.1468992578127,1.6662244,,,,,,,,,,,403241.22,
105,401.1208748249712,1.6662244,,,,,,,,,,,1510633.5,
106,408.2227548731542,1.6662244,,,,,,,,,,,295173.6,
107,220.1180120592792,1.7392844,,,,,,,,,,,2403944.0,
108,242.09986483640097,1.7392844,,,,,,,,,,,480141.1,
109,258.0739009310941,1.7392844,,,,,,,,,,,785690.25,
112,242.14984618193913,1.765355,,,,,,,,,,,302823.3,
113,267.0485821132787,1.765355,,,,,,,,,,,207859.64,
114,245.0655950000485,1.7699049,,,,,,,,,,,255766.23,
115,242.1499253450554,1.83694,,,,,,,,,,,1191253.0,
116,259.12895767026254,1.83694,,,,,,,,,,,6370146.5,
117,281.11084943510866,1.83694,,,,,,,,,,,376789.78,
118,297.0849829021937,1.83694,,,,,,,,,,,274858.03,
119,334.14961055000344,1.854846,,,,,,,,,,,275780.9,
120,147.0441286453094,1.9010603,,,,,,,,,,,246121.17,
121,242.14995262129648,1.9134268,,,,,,,,,,,2940088.0,
122,163.03908351812652,1.9225018,,,,,,,,,,,6379630.0,
123,181.04957400209167,1.9225018,,,,,,,,,,,465841.16,
124,355.10248160955615,1.9225018,,,,,,,,,,,5846073.0,
125,370.11335363011585,1.9225018,,,,,,,,,,,428499.72,
126,377.08443492667845,1.9225018,,,,,,,,,,,877908.5,
127,393.05841887554345,1.9225018,,,,,,,,,,,589623.7,
128,259.1288592916876,1.9806619,,,,,,,,,,,274737.5,
129,163.0390040651507,2.020418,,,,,,,,,,,1484532.0,
131,256.1754706896844,2.046782,,,,,,,,,,,521349.22,
132,342.1757260091925,2.1162732,,,,,,,,,,,482059.6,
133,347.1313003856548,2.1162732,,,,,,,,,,,324962.0,
134,314.08698471109915,2.1253836,,,,,,,,,,,524751.9,
135,342.1186633023493,2.1253836,,,,,,,,,,,247498.78,
136,163.0390293848521,2.137921,,,,,,,,,,,4949056.0,
137,181.04952708522447,2.137921,,,,,,,,,,,626894.94,
138,299.07627920261166,2.137921,,,,,,,,,,,312689.06,
139,321.0581270844122,2.137921,,,,,,,,,,,677922.56,
140,433.16861811145844,2.137921,,,,,,,,,,,269457.72,
141,261.14447868411713,2.1781478,,,,,,,,,,,291963.6,
142,147.04415284814831,2.2136831,,,,,,,,,,,7991160.5,
143,165.0546742271563,2.2136831,,,,,,,,,,,555039.0,
144,248.09172640280943,2.2136831,,,,,,,,,,,374598.34,
145,339.10755786517353,2.2136831,,,,,,,,,,,7271882.5,
146,361.08929104887665,2.2136831,,,,,,,,,,,1623193.4,
147,377.0633657788273,2.2136831,,,,,,,,,,,510898.62,
148,384.16528167735794,2.2136831,,,,,,,,,,,345836.84,
149,375.09213799666645,2.2455451,,,,,,,,,,,1887987.9,
150,397.07420090481105,2.2455451,,,,,,,,,,,2097455.8,
151,413.04805585125047,2.2455451,,,,,,,,,,,406427.44,
152,163.03902516604566,2.2713513,,,,,,,,,,,3181778.8,
153,355.10254744582903,2.2713513,,,,,,,,,,,1.0130113E7,
154,377.0843556626099,2.2713513,,,,,,,,,,,1778842.2,
155,393.05825002705996,2.2713513,,,,,,,,,,,492545.75,
156,400.1603215831149,2.2713513,,,,,,,,,,,573947.75,
157,169.04963033550794,2.2788095,,,,,,,,,,,2121630.2,
158,214.10740621295,2.2788095,,,,,,,,,,,224322.98,
159,362.1445852746721,2.2833595,,,,,,,,,,,404119.88,
160,360.12919421971833,2.3172386,,,,,,,,,,,266007.62,
161,389.17852912156957,2.3247676,,,,,,,,,,,394290.9,
162,153.12748903609005,2.3368423,,,,,,,,,,,618476.5,
163,373.18358755748136,2.3368423,,,,,,,,,,,1581102.0,
164,183.06531544028675,2.3535068,,,,,,,,,,,340126.9,
165,463.15769013577733,2.3535068,,,,,,,,,,,626002.2,
166,518.1507225609787,2.3535068,,,,,,,,,,,337117.66,
167,312.1653557833929,2.3580568,,,,,,,,,,,968218.44,
168,317.1208265950207,2.3580568,,,,,,,,,,,602451.9,
169,344.13421185033616,2.3704944,,,,,,,,,,,3232748.0,
170,349.08952922546445,2.3704944,,,,,,,,,,,750019.6,
171,365.0636464948472,2.3704944,,,,,,,,,,,364658.9,
172,372.1656678827395,2.3704944,,,,,,,,,,,375990.56,
173,439.1578576364667,2.381259,,,,,,,,,,,210020.0,
174,177.054696084965,2.4057148,,,,,,,,,,,1038462.25,
175,369.1182295191909,2.4057148,,,,,,,,,,,694581.5,
176,135.11702366565726,2.4102647,,,,,,,,,,,827514.8,
177,153.12754582821344,2.4102647,,,,,,,,,,,4323179.0,
178,373.1835885514913,2.4102647,,,,,,,,,,,5134922.5,
179,389.1572020976259,2.4102647,,,,,,,,,,,467885.72,
180,396.25935039646515,2.4102647,,,,,,,,,,,1219326.1,
181,175.14827132863672,2.4210234,,,,,,,,,,,968914.3,
182,411.19911564700374,2.4210234,,,,,,,,,,,413287.38,
183,597.1816582906196,2.4364958,,,,,,,,,,,529272.9,
184,500.14013400747234,2.4410439,,,,,,,,,,,242372.16,
185,147.0441302454845,2.4580772,,,,,,,,,,,2294683.5,
186,165.05469864349453,2.4580772,,,,,,,,,,,320693.06,
187,257.1382898196489,2.4580772,,,,,,,,,,,276784.84,
188,389.1785828278078,2.4580772,,,,,,,,,,,197870.39,
189,436.2180349888801,2.4580772,,,,,,,,,,,418582.8,
190,441.173292919717,2.4580772,,,,,,,,,,,1785021.1,
191,464.2492361602794,2.4580772,,,,,,,,,,,260645.08,
192,505.22566432363914,2.4796748,,,,,,,,,,,765573.9,
193,283.08124592601416,2.4899726,,,,,,,,,,,201723.84,
194,300.1077609857608,2.4899726,,,,,,,,,,,385431.84,
195,305.0631952153164,2.4899726,,,,,,,,,,,441930.97,
196,163.03897735677958,2.5048308,,,,,,,,,,,281684.53,
197,373.1835532450267,2.5048308,,,,,,,,,,,214323.4,
198,379.09998082589334,2.5304575,,,,,,,,,,,436204.0,
199,288.14416094213595,2.546545,,,,,,,,,,,232531.3,
200,411.1626158379686,2.546545,,,,,,,,,,,343333.03,
201,177.05466988359353,2.5677242,,,,,,,,,,,481702.88,
202,291.0863417084337,2.5677242,,,,,,,,,,,531633.44,
203,163.03898184713967,2.5784698,,,,,,,,,,,224485.83,
204,370.1134069518537,2.5784698,,,,,,,,,,,369272.56,
205,420.18657012306846,2.6008239,,,,,,,,,,,800964.2,
206,425.14177997123267,2.6008239,,,,,,,,,,,266529.16,
207,135.11700987092598,2.6053486,,,,,,,,,,,1185824.5,
208,147.0441315168974,2.6053486,,,,,,,,,,,858187.25,
209,153.12752205722308,2.6053486,,,,,,,,,,,4704906.5,
211,315.18036275730014,2.6053486,,,,,,,,,,,551199.0,
212,333.19095112547586,2.6053486,,,,,,,,,,,361283.0,
213,339.10765218115927,2.6053486,,,,,,,,,,,2196575.5,
214,361.08955701378693,2.6053486,,,,,,,,,,,268774.97,
215,373.1834623105836,2.6053486,,,,,,,,,,,4469460.0,
216,396.25934521968964,2.6053486,,,,,,,,,,,1436428.6,
218,411.16266924432745,2.622007,,,,,,,,,,,744423.44,
219,471.18398448303356,2.622007,,,,,,,,,,,896322.06,
221,224.1393567941742,2.6389735,,,,,,,,,,,470840.7,
222,371.1678578987505,2.6389735,,,,,,,,,,,348110.34,
223,177.05468759614791,2.6481528,,,,,,,,,,,2469308.0,
224,195.065268709434,2.6481528,,,,,,,,,,,394948.03,
225,335.07381013615856,2.6481528,,,,,,,,,,,262667.1,
226,345.1156207671581,2.6588962,,,,,,,,,,,497009.3,
227,413.21470454702677,2.6634462,,,,,,,,,,,240124.55,
228,340.1603695690853,2.6737711,,,,,,,,,,,1804065.2,
229,135.11697485567652,2.6796045,,,,,,,,,,,337679.6,
230,153.12748518387576,2.6796045,,,,,,,,,,,1155212.1,
231,333.1908481491259,2.6796045,,,,,,,,,,,370339.03,
232,373.1834616636643,2.6796045,,,,,,,,,,,2034320.0,
233,396.25938169938735,2.6796045,,,,,,,,,,,531619.44,
234,541.2258277886926,2.6796045,,,,,,,,,,,400205.62,
237,217.14350895708694,2.7069833,,,,,,,,,,,244857.08,
238,224.13933599176994,2.7069833,,,,,,,,,,,214809.67,
239,401.17841627461803,2.7069833,,,,,,,,,,,730233.2,
240,207.13804680178603,2.7179108,,,,,,,,,,,1444158.0,
241,387.2013804070205,2.7179108,,,,,,,,,,,356914.12,
242,409.1834033244417,2.7179108,,,,,,,,,,,849763.94,
243,432.2592240517019,2.7179108,,,,,,,,,,,494422.72,
244,447.16242115233183,2.7179108,,,,,,,,,,,180179.86,
245,627.1559523632951,2.7286978,,,,,,,,,,,267692.6,
246,211.13285624642023,2.7332478,,,,,,,,,,,215542.97,
247,408.2230227142049,2.7332478,,,,,,,,,,,674782.8,
248,413.17832924894566,2.7332478,,,,,,,,,,,580916.25,
250,411.1990688537824,2.7515082,,,,,,,,,,,876161.3,
251,510.09148503273246,2.7515082,,,,,,,,,,,225875.44,
252,519.2415389303727,2.7515082,,,,,,,,,,,759065.6,
254,401.1783744227105,2.770952,,,,,,,,,,,600943.7,
255,149.09619067174503,2.793814,,,,,,,,,,,225396.02,
256,217.14348126212283,2.793814,,,,,,,,,,,1004279.4,
257,262.20125981842165,2.793814,,,,,,,,,,,255062.4,
258,366.2123401365111,2.793814,,,,,,,,,,,279495.25,
259,371.1676974544856,2.793814,,,,,,,,,,,848307.94,
260,177.0546350322063,2.798366,,,,,,,,,,,341860.75,
261,369.1180389089775,2.798366,,,,,,,,,,,713196.56,
262,427.194139811391,2.8058264,,,,,,,,,,,414000.03,
263,209.11721231658984,2.8178015,,,,,,,,,,,258931.58,
264,411.16263673474396,2.8178015,,,,,,,,,,,243474.77,
266,371.16781293533705,2.8640532,,,,,,,,,,,555364.75,
267,430.13438120883836,2.868603,,,,,,,,,,,335311.72,
268,563.210113108807,2.868603,,,,,,,,,,,434625.84,
269,147.04410296455762,2.8943968,,,,,,,,,,,933231.44,
270,339.1075543227769,2.8943968,,,,,,,,,,,597701.9,
272,217.14346554595417,2.8989446,,,,,,,,,,,280654.16,
273,401.17938855846467,2.8989446,,,,,,,,,,,1116642.2,
274,406.24364526650004,2.8989446,,,,,,,,,,,1814482.1,
275,153.12747879398995,2.9234817,,,,,,,,,,,528579.44,
276,331.1540730193427,2.9234817,,,,,,,,,,,423079.3,
277,383.1700878418241,2.9234817,,,,,,,,,,,433271.03,
278,459.1839546997252,2.9234817,,,,,,,,,,,1437275.2,
279,563.2103099535772,2.9234817,,,,,,,,,,,1732068.2,
281,287.0551111003299,2.9467816,,,,,,,,,,,390295.75,
283,558.254984116113,2.9467816,,,,,,,,,,,730981.4,
284,727.2084468914445,2.9467816,,,,,,,,,,,670569.06,
285,191.1431225530223,2.9574902,,,,,,,,,,,1255758.6,
287,389.21727329099014,2.9574902,,,,,,,,,,,3901916.5,
288,411.199159793338,2.9574902,,,,,,,,,,,1583074.9,
289,434.2750787188559,2.9574902,,,,,,,,,,,522696.97,
290,588.2654081847207,2.964763,,,,,,,,,,,916654.75,
291,593.2207674266195,2.964763,,,,,,,,,,,831354.1,
292,434.20258548811415,2.973948,,,,,,,,,,,478341.66,
293,439.15750939264854,2.9830625,,,,,,,,,,,218554.28,
294,413.2149408683085,2.9934063,,,,,,,,,,,1274414.1,
295,193.15886591865691,3.00025,,,,,,,,,,,580114.6,
297,252.08675520946863,3.00025,,,,,,,,,,,284875.1,
298,303.0500118131593,3.00025,,,,,,,,,,,2280683.0,
299,391.2331304689516,3.00025,,,,,,,,,,,438891.94,
300,408.259530035512,3.00025,,,,,,,,,,,1821418.4,
301,465.1034233244675,3.00025,,,,,,,,,,,1404543.8,
302,611.1614562697063,3.00025,,,,,,,,,,,1.4593057E7,
303,301.0344768916925,3.0118895,,,,,,,,,,,539777.5,
304,626.1717178321879,3.0118895,,,,,,,,,,,834425.56,
305,633.1427658613638,3.0118895,,,,,,,,,,,1508376.0,
306,371.1677782259485,3.0413916,,,,,,,,,,,585661.75,
307,350.2174318209632,3.0459454,,,,,,,,,,,498530.7,
308,355.172673256251,3.0459454,,,,,,,,,,,2413194.0,
309,378.2484280265592,3.0459454,,,,,,,,,,,366219.2,
310,404.1553310786344,3.0459454,,,,,,,,,,,484427.88,
311,153.12739263001956,3.0580914,,,,,,,,,,,506716.47,
312,135.1168982200582,3.064885,,,,,,,,,,,1154767.5,
313,487.08441532152983,3.064885,,,,,,,,,,,4369681.5,
314,301.03416913179564,3.0718558,,,,,,,,,,,1132757.1,
315,287.0548597056357,3.091035,,,,,,,,,,,686159.3,
316,449.1078659907434,3.091035,,,,,,,,,,,361960.44,
317,581.1498644941415,3.091035,,,,,,,,,,,422883.38,
318,303.0497331108548,3.1020887,,,,,,,,,,,4101101.2,
319,465.10310884249554,3.1020887,,,,,,,,,,,1.9431196E7,
321,374.1446243800599,3.1178493,,,,,,,,,,,3393049.2,
322,379.0998547141812,3.1178493,,,,,,,,,,,1105831.5,
323,402.1760148770817,3.1178493,,,,,,,,,,,343262.3,
324,455.225445746926,3.1252928,,,,,,,,,,,523617.1,
325,226.1550395235888,3.145451,,,,,,,,,,,2.9978726E7,
326,289.0705870191468,3.145451,,,,,,,,,,,721523.9,
327,343.23387866604565,3.145451,,,,,,,,,,,326392.78,
328,451.1238273847026,3.145451,,,,,,,,,,,359016.8,
329,588.2652081028652,3.1583343,,,,,,,,,,,394623.34,
330,593.2205230299443,3.1583343,,,,,,,,,,,1187201.6,
331,167.14308240635333,3.165799,,,,,,,,,,,315777.2,
332,219.17443103289537,3.165799,,,,,,,,,,,669583.94,
333,237.18473844427422,3.165799,,,,,,,,,,,414349.03,
334,482.25986270102806,3.165799,,,,,,,,,,,397584.47,
335,457.2408121874092,3.1732652,,,,,,,,,,,674746.06,
336,540.2440776097218,3.1732652,,,,,,,,,,,229569.7,
337,355.1727881710027,3.1995132,,,,,,,,,,,296685.97,
340,431.1676532208573,3.2143903,,,,,,,,,,,265458.88,
341,301.03419409807987,3.2265089,,,,,,,,,,,309328.3,
342,551.1034473668419,3.2265089,,,,,,,,,,,2052776.5,
343,566.1143243946977,3.2265089,,,,,,,,,,,424829.6,
344,573.0851318935783,3.2265089,,,,,,,,,,,294542.62,
345,287.05484267080965,3.2390878,,,,,,,,,,,772776.25,
346,595.1660130382782,3.2390878,,,,,,,,,,,4556007.0,
347,617.1476003300688,3.2390878,,,,,,,,,,,895779.1,
348,135.11694243823973,3.2448795,,,,,,,,,,,443048.2,
349,355.17275993063436,3.2448795,,,,,,,,,,,827649.2,
350,406.2436487872702,3.2448795,,,,,,,,,,,424908.7,
351,411.1990584556756,3.2448795,,,,,,,,,,,644582.94,
352,487.21513170714167,3.2448795,,,,,,,,,,,333205.44,
353,385.14692783496537,3.2573252,,,,,,,,,,,324897.38,
354,449.1079955471007,3.2573252,,,,,,,,,,,890233.1,
355,471.08994058877147,3.264769,,,,,,,,,,,812227.1,
356,401.1571025922204,3.281569,,,,,,,,,,,433681.22,
357,219.17433317764693,3.2964811,,,,,,,,,,,332965.47,
358,237.18485732530092,3.2964811,,,,,,,,,,,299799.25,
359,452.28558972831905,3.2964811,,,,,,,,,,,229382.39,
360,457.240792783943,3.2964811,,,,,,,,,,,901929.1,
361,515.2101777694369,3.2964811,,,,,,,,,,,316875.56,
362,350.2173408000628,3.3056479,,,,,,,,,,,427999.28,
363,355.17274982540334,3.3056479,,,,,,,,,,,308101.5,
364,385.14694251634205,3.320998,,,,,,,,,,,248399.92,
365,436.2179715475392,3.337606,,,,,,,,,,,429933.75,
369,287.05481243956586,3.3423016,,,,,,,,,,,815698.4,
370,449.10812396714044,3.3423016,,,,,,,,,,,3748785.2,
371,471.089963528558,3.3423016,,,,,,,,,,,895058.2,
372,257.1381367969043,3.3514225,,,,,,,,,,,212844.34,
373,451.1820880090612,3.3514225,,,,,,,,,,,197224.27,
374,468.20808227477943,3.3514225,,,,,,,,,,,1884987.4,
375,473.16366265143756,3.3514225,,,,,,,,,,,344209.62,
376,219.1015371703249,3.3622327,,,,,,,,,,,231331.92,
377,487.2150878392115,3.3622327,,,,,,,,,,,4386320.0,
378,482.2598854441486,3.3696742,,,,,,,,,,,3686868.5,
379,510.2907831049474,3.3696742,,,,,,,,,,,479990.5,
380,153.12738109427139,3.3966284,,,,,,,,,,,239322.36,
381,388.1602337680228,3.3966284,,,,,,,,,,,651780.06,
382,355.1727415486543,3.405801,,,,,,,,,,,510510.94,
383,455.2253569335933,3.451422,,,,,,,,,,,991135.9,
384,167.14308656523767,3.4617655,,,,,,,,,,,428578.25,
385,219.17438431090642,3.4617655,,,,,,,,,,,813584.2,
386,237.18488667092188,3.4617655,,,,,,,,,,,311946.4,
387,452.2856357549391,3.4617655,,,,,,,,,,,701730.2,
388,457.24086553838714,3.4617655,,,,,,,,,,,2248958.8,
389,480.316757341533,3.4617655,,,,,,,,,,,418776.06,
390,373.2222450738363,3.481661,,,,,,,,,,,374551.2,
391,435.12877514474985,3.481661,,,,,,,,,,,416901.62,
392,527.2465082419861,3.481661,,,,,,,,,,,286574.06,
393,226.15496473335,3.4937048,,,,,,,,,,,843275.8,
394,331.15390296539846,3.4937048,,,,,,,,,,,304484.53,
395,345.1697756081141,3.4937048,,,,,,,,,,,262400.5,
396,540.2441275631862,3.4937048,,,,,,,,,,,1864847.0,
397,545.1993595324034,3.4937048,,,,,,,,,,,774774.4,
398,149.13260240346395,3.506165,,,,,,,,,,,356895.84,
399,409.1834868301165,3.506165,,,,,,,,,,,712181.8,
400,439.2305016869459,3.506165,,,,,,,,,,,792339.25,
401,388.1604596900278,3.5321732,,,,,,,,,,,8945974.0,
402,393.1156773469129,3.5321732,,,,,,,,,,,1352302.1,
403,455.2257014727987,3.5321732,,,,,,,,,,,395909.44,
405,345.1334634499314,3.542896,,,,,,,,,,,309154.75,
406,289.0707369875977,3.553452,,,,,,,,,,,315407.25,
407,135.1169917853019,3.5574439,,,,,,,,,,,1025127.8,
408,153.12752653804665,3.5574439,,,,,,,,,,,7226847.0,
409,171.13803956126972,3.5574439,,,,,,,,,,,300570.84,
410,333.19085590243003,3.5574439,,,,,,,,,,,652691.75,
411,350.21764865876577,3.5574439,,,,,,,,,,,1917664.9,
412,355.17286237161625,3.5574439,,,,,,,,,,,6789523.5,
413,371.14692882171306,3.5574439,,,,,,,,,,,300413.6,
414,378.2487645851592,3.5574439,,,,,,,,,,,2493974.0,
415,436.2179559080593,3.5768645,,,,,,,,,,,546310.2,
416,441.1734008100856,3.5768645,,,,,,,,,,,304285.12,
417,431.16785770963213,3.603435,,,,,,,,,,,512455.8,
418,366.1761077752774,3.6079853,,,,,,,,,,,865553.75,
419,373.22216202690595,3.6188204,,,,,,,,,,,915802.06,
420,395.2042533857654,3.6188204,,,,,,,,,,,674317.56,
421,418.2800376725878,3.6188204,,,,,,,,,,,268592.34,
422,439.23048777486287,3.6233704,,,,,,,,,,,318329.47,
423,219.17435737341867,3.6358662,,,,,,,,,,,471814.4,
424,167.14308647382663,3.6404161,,,,,,,,,,,389855.0,
425,441.1733244730704,3.6404161,,,,,,,,,,,296486.56,
426,457.24088947392687,3.6404161,,,,,,,,,,,1677087.5,
427,496.2753044530379,3.6404161,,,,,,,,,,,548091.3,
428,501.23062220438095,3.6404161,,,,,,,,,,,752778.5,
429,413.21473338724905,3.658664,,,,,,,,,,,366430.78,
430,436.2179610652775,3.6689909,,,,,,,,,,,252744.44,
432,492.20776353421735,3.6942093,,,,,,,,,,,825747.5,
433,281.1382177173894,3.7033572,,,,,,,,,,,214306.25,
434,457.1705567991971,3.7033572,,,,,,,,,,,594750.3,
435,397.2201606763293,3.7215574,,,,,,,,,,,297447.28,
436,163.0389457903494,3.7335675,,,,,,,,,,,229780.75,
437,535.2152372027331,3.7335675,,,,,,,,,,,279411.4,
438,436.21806439623174,3.7489882,,,,,,,,,,,6037790.5,
439,439.23024380542444,3.7489882,,,,,,,,,,,886353.56,
440,441.1732880255307,3.7489882,,,,,,,,,,,1582382.6,
441,441.2453929580579,3.7821276,,,,,,,,,,,356826.12,
442,439.23033160387956,3.7986903,,,,,,,,,,,354979.16,
443,174.18530550395403,3.8243544,,,,,,,,,,,233563.31,
444,208.14446522844912,3.8363,,,,,,,,,,,623544.4,
448,492.20862519184965,3.8856852,,,,,,,,,,,229918.69,
449,436.2179597255115,3.9051373,,,,,,,,,,,3172919.8,
450,441.17320397597683,3.9051373,,,,,,,,,,,2034354.5,
451,464.2491986200747,3.9051373,,,,,,,,,,,240912.16,
456,181.12229844377018,3.962449,,,,,,,,,,,211556.22,
457,234.20639083251086,3.962449,,,,,,,,,,,588204.9,
458,594.3122537596646,3.962449,,,,,,,,,,,343696.16,
459,599.2676213544993,3.962449,,,,,,,,,,,1341275.6,
460,149.1325698999624,3.978976,,,,,,,,,,,784107.2,
461,167.143088383931,3.978976,,,,,,,,,,,213498.47,
462,434.2751007611273,3.978976,,,,,,,,,,,278392.16,
463,439.2304004620228,3.978976,,,,,,,,,,,1955220.2,
464,462.30611822321464,3.978976,,,,,,,,,,,232773.45,
465,496.2752967470409,4.00929,,,,,,,,,,,327968.38,
466,612.3227198252395,4.00929,,,,,,,,,,,232965.33,
467,439.2304667478293,4.034534,,,,,,,,,,,1811350.8,
468,462.3061696200682,4.034534,,,,,,,,,,,261843.5,
469,149.13257314928512,4.0402775,,,,,,,,,,,399196.56,
470,203.17949336830512,4.0882297,,,,,,,,,,,319269.16,
471,219.1743876581375,4.0882297,,,,,,,,,,,299686.2,
472,221.19000931520193,4.0882297,,,,,,,,,,,701774.2,
473,436.29077551017843,4.0882297,,,,,,,,,,,653827.56,
474,441.24604336147144,4.0882297,,,,,,,,,,,1761616.1,
475,464.3219066571423,4.0882297,,,,,,,,,,,274539.34,
476,241.2036154548721,4.130046,,,,,,,,,,,315408.47,
477,359.14895130546716,4.134596,,,,,,,,,,,217242.55,
478,609.2307096727594,4.134596,,,,,,,,,,,357029.2,
479,177.05465717267487,4.1524396,,,,,,,,,,,282067.2,
480,549.2310266709404,4.1524396,,,,,,,,,,,426604.56,
481,221.19001283691634,4.186854,,,,,,,,,,,398820.5,
482,439.2304499515371,4.186854,,,,,,,,,,,343476.06,
483,441.2460436213186,4.186854,,,,,,,,,,,569197.9,
484,611.2464123799273,4.186854,,,,,,,,,,,320258.94,
485,342.26390085993006,4.1959934,,,,,,,,,,,1449902.9,
486,466.2649440337192,4.2217517,,,,,,,,,,,887995.94,
487,471.2203337316057,4.2217517,,,,,,,,,,,378232.06,
488,626.3383671918393,4.242424,,,,,,,,,,,581839.75,
489,393.1883472594291,4.246974,,,,,,,,,,,312289.53,
490,480.2804970457314,4.2864633,,,,,,,,,,,1053937.2,
491,485.2357694199343,4.2864633,,,,,,,,,,,378031.53,
492,724.3750878622524,4.403683,,,,,,,,,,,483450.1,
493,423.23531437494165,4.487762,,,,,,,,,,,465833.06,
495,550.3223345633601,4.4968762,,,,,,,,,,,247997.98,
496,555.2778433763867,4.4968762,,,,,,,,,,,279039.4,
499,565.207039307632,4.6122255,,,,,,,,,,,255933.5,
500,833.2990257955962,4.6122255,,,,,,,,,,,625326.4,
501,437.21472100056377,4.6407714,,,,,,,,,,,244915.06,
502,543.3141302130115,4.6602044,,,,,,,,,,,238754.89,
504,504.2805541661279,4.6988063,,,,,,,,,,,302584.44,
507,284.09756741166245,4.7904305,,,,,,,,,,,480489.1,
508,420.22299034923174,4.7904305,,,,,,,,,,,8584038.0,
509,425.17799216727053,4.7904305,,,,,,,,,,,2068994.5,
511,692.3852472778431,4.8219614,,,,,,,,,,,902371.3,
512,697.3404623857909,4.8219614,,,,,,,,,,,1205512.8,
514,713.3356207887847,5.0062976,,,,,,,,,,,348833.44,
516,695.3249857134647,5.1958275,,,,,,,,,,,278915.12,
517,423.235324087448,5.3118,,,,,,,,,,,236570.92,
520,151.14822369337736,5.4203176,,,,,,,,,,,568194.06,
521,203.17948817535918,5.4203176,,,,,,,,,,,809430.06,
522,223.13284402794554,5.4203176,,,,,,,,,,,811184.7,
523,231.04996616539836,5.4203176,,,,,,,,,,,768963.4,
524,249.06055611331868,5.4203176,,,,,,,,,,,570962.8,
525,290.08702130330704,5.4203176,,,,,,,,,,,221544.28,
526,504.2806124881002,5.4203176,,,,,,,,,,,495321.53,
527,509.2361380442248,5.4203176,,,,,,,,,,,2185001.8,
529,451.23033184465584,5.548004,,,,,,,,,,,445925.25,
530,411.2717425663281,5.6672635,,,,,,,,,,,345919.22,
532,177.05468774940533,5.7779837,,,,,,,,,,,717928.0,
533,223.09649421831054,5.7779837,,,,,,,,,,,423335.62,
534,203.17950899497617,5.8064814,,,,,,,,,,,352605.9,
535,693.3455278244484,5.811029,,,,,,,,,,,338989.72,
536,179.1066907470805,5.8815017,,,,,,,,,,,304399.88,
538,257.18994971879715,5.989507,,,,,,,,,,,233913.77,
539,275.20060007566144,5.989507,,,,,,,,,,,610613.8,
540,311.1853229402206,6.0959916,,,,,,,,,,,1195702.1,
541,333.1673299118387,6.0959916,,,,,,,,,,,392460.03,
544,235.1328680805175,6.2425365,,,,,,,,,,,220690.98,
546,252.2321882276857,6.28683,,,,,,,,,,,310332.3,
547,316.2846806719885,6.3426423,,,,,,,,,,,520691.22,
550,195.10164868371837,6.484024,,,,,,,,,,,584081.9,
551,281.138390551476,6.508924,,,,,,,,,,,525493.5,
552,415.2119323563884,6.508924,,,,,,,,,,,1.795056E7,
553,135.08004169989456,6.515407,,,,,,,,,,,230221.2,
554,432.2384104683274,6.515407,,,,,,,,,,,2.1269802E7,
555,437.1933071285004,6.515407,,,,,,,,,,,2045621.4,
556,446.2536721865457,6.515407,,,,,,,,,,,597098.6,
557,453.16735747377703,6.515407,,,,,,,,,,,594708.7,
558,460.26936346357564,6.515407,,,,,,,,,,,5840167.0,
559,846.4423883679244,6.515407,,,,,,,,,,,310375.25,
561,265.17975744446966,6.5379925,,,,,,,,,,,230223.03,
564,278.24787285160653,6.6826835,,,,,,,,,,,469364.3,
565,318.24035224416065,6.6826835,,,,,,,,,,,209937.69,
566,288.25330700362645,6.711193,,,,,,,,,,,375414.3,
567,278.24791042906617,6.7605996,,,,,,,,,,,1485783.0,
568,318.2403873203998,6.7605996,,,,,,,,,,,557279.9,
570,278.2478599458749,6.849203,,,,,,,,,,,696978.8,
571,518.324374207477,6.864059,,,,,,,,,,,340768.75,
572,689.3507356351757,6.880215,,,,,,,,,,,351274.9,
573,294.2428090188104,6.922375,,,,,,,,,,,721875.75,
574,212.16451062260867,6.9490314,,,,,,,,,,,389408.06,
575,278.2478799583723,6.9490314,,,,,,,,,,,608364.2,
576,334.23521385911914,6.9490314,,,,,,,,,,,352639.84,
579,518.3243635647923,7.0148597,,,,,,,,,,,524119.72,
580,280.2636316290778,7.0285077,,,,,,,,,,,261702.02,
582,296.2584818133919,7.2239666,,,,,,,,,,,359262.6,
583,280.2635243713472,7.264658,,,,,,,,,,,1374862.4,
584,293.2110633379002,7.273758,,,,,,,,,,,235885.94,
585,320.2560091782168,7.293168,,,,,,,,,,,417472.0,
587,520.3399967688636,7.3241053,,,,,,,,,,,282992.84,
589,435.3258706938433,7.415732,,,,,,,,,,,315521.25,
590,453.33641633285004,7.420284,,,,,,,,,,,399926.06,
591,635.394511170253,7.420284,,,,,,,,,,,755750.4,
592,296.2584653202023,7.439436,,,,,,,,,,,266865.22,
594,309.1695977686873,7.4601607,,,,,,,,,,,615594.0,
595,1111.0783453923975,7.4601607,,,,,,,,,,,574059.0,
596,226.21653328566103,7.4825606,,,,,,,,,,,341650.72,
597,520.340084776329,7.4871106,,,,,,,,,,,508832.38,
599,296.25846564743347,7.540529,,,,,,,,,,,435151.53,
600,1103.0804576544313,7.5868745,,,,,,,,,,,522922.94,
601,309.1695998221281,7.640953,,,,,,,,,,,750202.94,
602,363.21659529999243,7.640953,,,,,,,,,,,249423.55,
603,1110.0708727149258,7.640953,,,,,,,,,,,620981.06,
604,904.5269173268467,7.6871195,,,,,,,,,,,324163.7,
607,309.1696323329684,7.7633815,,,,,,,,,,,833271.0,
608,363.2166324332796,7.7633815,,,,,,,,,,,261050.36,
609,1102.0726045656497,7.7633815,,,,,,,,,,,717907.3,
613,496.33992365719837,7.8528767,,,,,,,,,,,1042257.06,
616,280.2634914848965,7.9267178,,,,,,,,,,,299096.88,
617,298.27408477205637,7.9267178,,,,,,,,,,,648294.6,
618,309.1695992735772,7.9425282,,,,,,,,,,,640849.06,
619,1101.0658014152289,7.9470778,,,,,,,,,,,492644.06,
623,278.2478699350459,8.185555,,,,,,,,,,,921805.1,
624,278.2478613276233,8.294792,,,,,,,,,,,544109.25,
625,742.4736361145148,8.326313,,,,,,,,,,,718066.2,
626,747.4284381909289,8.326313,,,,,,,,,,,429105.97,
627,742.4736190436295,8.391837,,,,,,,,,,,486720.4,
628,747.4283706351567,8.391837,,,,,,,,,,,339682.1,
629,758.4686008603078,8.417612,,,,,,,,,,,467518.03,
630,763.4238693885459,8.417612,,,,,,,,,,,316259.12,
632,254.24790044752848,8.457384,,,,,,,,,,,5487173.0,
634,758.4686778553319,8.475584,,,,,,,,,,,362406.0,
635,763.4240004172805,8.475584,,,,,,,,,,,240622.52,
636,242.24780661815385,8.550218,,,,,,,,,,,266341.7,
637,403.2326664189378,8.557779,,,,,,,,,,,257999.31,
638,619.3992874321274,8.557779,,,,,,,,,,,285715.94,
639,882.5421214127061,8.644908,,,,,,,,,,,491525.66,
640,887.4974029328498,8.644908,,,,,,,,,,,341155.94,
641,706.4654295805522,8.658563,,,,,,,,,,,305417.4,
644,740.4580634320259,8.718437,,,,,,,,,,,438993.44,
645,745.4133188509837,8.718437,,,,,,,,,,,325603.8,
646,263.23696262526806,8.730232,,,,,,,,,,,658898.94,
647,280.2635673701281,8.730232,,,,,,,,,,,1.2948685E7,
649,740.4580649122319,8.773347,,,,,,,,,,,482459.0,
650,745.4133152933746,8.773347,,,,,,,,,,,437698.12,
651,268.26348150564627,8.912909,,,,,,,,,,,1502378.8,
652,352.3209679520093,8.917459,,,,,,,,,,,223649.34,
653,191.17940255640997,9.002693,,,,,,,,,,,417281.22,
654,411.3621958230217,9.002693,,,,,,,,,,,410605.03,
655,439.3571925112546,9.002693,,,,,,,,,,,1650784.4,
656,457.3676239467729,9.002693,,,,,,,,,,,496299.72,
658,704.4498751851999,9.022255,,,,,,,,,,,561362.75,
659,880.5265250587759,9.022255,,,,,,,,,,,505210.78,
660,885.4817031771888,9.022255,,,,,,,,,,,522221.25,
663,256.26343662415496,9.06564,,,,,,,,,,,281178.88,
668,256.263515547142,9.183727,,,,,,,,,,,5962662.0,
669,492.3895290820465,9.264462,,,,,,,,,,,253438.53,
670,464.35850214947493,9.272001,,,,,,,,,,,2609346.0,
672,725.4447066345283,9.281101,,,,,,,,,,,250375.52,
674,265.252745598451,9.345047,,,,,,,,,,,404434.78,
678,283.2825468111348,9.345047,,,,,,,,,,,1.1325587E7,
679,563.5515571846129,9.345047,,,,,,,,,,,1818299.2,
681,621.2708084758169,9.450292,,,,,,,,,,,484745.9,
682,270.2791299435258,9.4697,,,,,,,,,,,834381.7,
683,308.2947091706786,9.502762,,,,,,,,,,,367747.78,
686,702.4706972861051,9.634139,,,,,,,,,,,307700.56,
688,723.4286796269597,9.641726,,,,,,,,,,,274755.56,
692,296.29480316553355,9.742775,,,,,,,,,,,205085.33,
693,284.29477452125553,9.850547,,,,,,,,,,,265774.34,
694,284.29479565525816,10.014134,,,,,,,,,,,1897496.4,
696,310.310414464197,10.084806,,,,,,,,,,,694300.06,
698,584.4217541795092,10.167684,,,,,,,,,,,222020.34,
699,811.4965991991819,10.192632,,,,,,,,,,,289238.66,
700,551.4250874906542,10.264369,,,,,,,,,,,289986.88,
701,568.4275057680095,10.264369,,,,,,,,,,,1106650.0,
703,607.2917285269293,10.310781,,,,,,,,,,,2897710.0,
704,629.2733024872816,10.310781,,,,,,,,,,,345766.28,
710,537.5356229174954,10.542823,,,,,,,,,,,768996.3,
711,559.5175354730047,10.542823,,,,,,,,,,,244308.94,
712,582.5934564425311,10.542823,,,,,,,,,,,497797.72,
713,153.11352663732703,10.551923,,,,,,,,,,,189853.55,
716,568.4274198436011,10.792451,,,,,,,,,,,354912.12,
717,613.4826284408786,10.819471,,,,,,,,,,,513940.9,
719,954.6149080777919,10.82528,,,,,,,,,,,1240015.2,
720,959.5701580584617,10.838929,,,,,,,,,,,697581.25,
721,568.4271927309692,10.851009,,,,,,,,,,,299576.84,
722,778.5383043551137,10.90891,,,,,,,,,,,334716.72,
724,153.11351973036645,11.170252,,,,,,,,,,,226139.84,
726,335.25793616626953,11.203681,,,,,,,,,,,318977.84,
727,613.4827539586545,11.211075,,,,,,,,,,,1010077.94,
728,792.5621603083257,11.211075,,,,,,,,,,,2392867.2,
729,797.5172788060672,11.218452,,,,,,,,,,,1060577.9,
731,696.5411583429689,11.363784,,,,,,,,,,,322325.2,
732,714.5516472154178,11.363784,,,,,,,,,,,388049.94,
733,736.533478017981,11.363784,,,,,,,,,,,493099.38,
735,736.5335682140301,11.462412,,,,,,,,,,,284192.78,
736,429.37297849731647,11.522701,,,,,,,,,,,2456650.8,
738,799.533084868483,11.56792,,,,,,,,,,,355795.4,
739,932.6308436641201,11.615551,,,,,,,,,,,484454.06,
740,937.5859149494588,11.615551,,,,,,,,,,,497867.03,
742,784.5570742349856,11.95149,,,,,,,,,,,302253.97,
743,789.5122813120428,11.95149,,,,,,,,,,,288987.22,
